Program,hasPrereqToMajor,prereqToMajorList,hasReqGenEds,reqGenEdsList,hasMajorCommonCore,majorCommonCoreList,hasThesisCapstone,ChooseThesisCapstone,hasMajorRestrictiveElectives,majorRestrictiveElectivesList,hasMajorUnrestrictedElectives,majorUnrestrictedElectivesList,hasOtherGradReq,otherGradReq
Accounting,True,"['ACCT 200', 'BUS 295', 'CIS 101']",True,"['ECON 201', 'MATH 130', ['credits_3', 'PHIL 120W', 'PHIL 205W', 'PHIL 222W', 'PHIL 224W', 'PHIL 226W', 'PHIL 240W']]",True,"['ACCT 210', 'BLAW 200', 'ECON 202', 'ECON 207', 'FINA 362', 'IBUS 380', 'MGMT 230', 'MGMT 300', 'MGMT 346', 'MGMT 481', 'MRKT 210', ['credits_28', 'ACCT 220', 'ACCT 300', 'ACCT 301', 'ACCT 310', 'ACCT 320', 'ACCT 330', 'ACCT 400', 'ACCT 410', 'ACCT 421', 'BLAW 450']]",False,,False,,True,['BUS 397'],True,"[['credits_0', 'BUS 397']]"
Alcohol and Drug Studies (BS),False,,True,"['HLTH 240', 'PSYC 101', 'SOC 101']",True,"['HLTH 225', 'HLTH 370', 'HLTH 372', 'HLTH 373', 'HLTH 374', 'HLTH 406', 'HLTH 407', 'HLTH 408W', 'HLTH 456', 'HLTH 469', 'HLTH 497-take 12']",False,,True,"['CJ 309', 'CSP 470', 'CSP 471', 'CSP 473', 'PSYC 455', 'SOWK 422']",True,"[['credits_0', 'HLTH 101-499']]",True,['ANY'],
Applied Health Science (BS) Health Education & Promotion,False,,True,"['HLTH 101','HLTH 212', ['credits_3', 'CHEM 100', 'CHEM 104', 'CHEM 106', 'CHEM 111', 'CHEM 201'], ['credits_3', 'COMM 100', 'COMM 102']]",True,"['HLTH 260', 'HLTH 295', 'HLTH 360', 'HLTH 361W', 'HLTH 380W', 'HLTH 454', 'HLTH 460', 'HLTH 480', 'HLTH 482W', 'BIOL 201', 'BIOL 202']",False,,True,"[['credits_6', 'FCS 242', 'HLTH 209', 'HLTH 210', 'HLTH 240', 'HLTH 311', 'HLTH 321', 'HLTH 450', 'HLTH 451', 'HLTH 455', 'HLTH 465', 'HLTH 466', 'HLTH 475', 'HLTH 477'], ['credits_4', 'SOC 202', 'STAT 154']]",False,,False,,"[['credits_9', 'HLTH 496']]"
Applied Health Science (BS) Pre-Athletic Training,False,,True,"['BIOL 105', 'HLTH 101', 'HLTH 210', 'HLTH 212', 'PSYC 101', 'STAT 154', ['credits_3', 'CHEM 111', 'CHEM 201'], ['credits_3', 'COMM 100', 'COMM 102']]",True,"['HLTH 260', 'HLTH 295', 'HLTH 360', 'HLTH 361W', 'HLTH 380W', 'HLTH 454', 'HLTH 460', 'HLTH 480', 'HLTH 482W', 'BIOL 201', 'BIOL 202', 'FCS 242', 'HLTH 321', 'HP 314', 'PHYS 211']",False,,True,"[['HP 328', ['credits_6', 'HP 363', 'HP 431']]]",True,"[['credits_0', 'HP 340', 'HP 415']]",False,,
Applied Health Science (BS) Pre-Healthcare Administration,False,,True,"['BIOL 100', 'HLTH 101', 'HLTH 212', ['credits_3', 'CHEM 100', 'CHEM 104', 'CHEM 106', 'CHEM 111', 'CHEM 201'], ['credits_3', 'COMM 100', 'COMM 102']]",True,"['HLTH 260', 'HLTH 295', 'HLTH 360', 'HLTH 361W', 'HLTH 380W', 'HLTH 454', 'HLTH 460', 'HLTH 480', 'HLTH 482W','ACCT 200', 'ACCT 210', 'ECON 201', 'ECON 202', 'ECON 207', 'HLTH 321', 'HLTH 465', 'HLTH 475', 'MATH 112']",False,,True,"[['credits_3', 'HLTH 311', 'HLTH 450', 'HLTH 451', 'HLTH 455', 'HLTH 466', 'HLTH 477', 'HLTH 496']]",False,,False,,
Applied Health Science (BS) Pre-Occupational Therapy,False,,True,"['HLTH 101','HLTH 212', ['credits_3', 'CHEM 104', 'CHEM 106', 'CHEM 111', 'CHEM 201'], ['credits_3', 'COMM 100', 'COMM 102']]",True,"['HLTH 260', 'HLTH 295', 'HLTH 360', 'HLTH 361W', 'HLTH 380W', 'HLTH 454', 'HLTH 460', 'HLTH 480', 'HLTH 482W','BIOL 201', 'BIOL 202', 'HLTH 321', 'PSYC 101', 'PSYC 455', 'SOC 101'] ",False,,True,"[['credits_3', 'PHYS 101', 'PHYS 211'], ['credits_3', 'KSP 235', 'PSYC 343'], ['credits_4', 'SOC 202', 'STAT 154']]",False,,False,,
Applied Health Science (BS) Public Health,False,,True,"['HLTH 101', 'HLTH 212', ['credits_3', 'CHEM 100', 'CHEM 104', 'CHEM 106', 'CHEM 111', 'CHEM 201'], ['credits_3', 'COMM 100', 'COMM 102']]",True,"['HLTH 260', 'HLTH 295', 'HLTH 360', 'HLTH 361W', 'HLTH 380W', 'HLTH 454', 'HLTH 460', 'HLTH 480', 'HLTH 482W', 'BIOL 201', 'BIOL 202', 'HLTH 450', 'HLTH 465', 'HLTH 466', 'HLTH 475']",False,,True,"[['credits_3', 'FCS 242', 'HLTH 209', 'HLTH 210', 'HLTH 240', 'HLTH 311', 'HLTH 321', 'HLTH 451', 'HLTH 455', 'HLTH 477', 'HLTH 496'], ['credits_3', 'MATH 110', 'SOC 202', 'STAT 154']]",False,,False,,
Applied Leadership (BS),False,,False,,True,"['AOS 301', 'AOS 488']",False,,True,"['ANY 300-499', ['credits_12', 'ANY 300-499'], ['credits_12', 'ANY 300-499'], ['credits_7', 'ANY 300-499']]",False,,False,,
Art (BFA),False,,True,"['ART 260', 'ART 261']",True,"['ART 101', 'ART 103', 'ART 110', 'ART 391', 'ART 466']",True,['ART 495'],True,"[[{'rules': [18,3,3,3,3,3], 'area_1': ['ART 202', 'ART 220'], 'area_2': ['ART 210', 'ART 212'], 'area_3': ['ART 231'], 'area_4': ['ART 240', 'ART 245'], 'area_5': ['ART 250', 'ART 251'], 'area_6': ['ART 270', 'ART 271'], 'area_7': ['ART 275'], 'area_8': ['ART 280'], 'area_9': ['ART 285']}], ['credits_6', 'ART 300-399'], ['credits_3' ,'ART 210', 'ART 212', 'ART 310', 'ART 410'], ['credits_6', 'ART 417', 'ART 419', 'ART 460', 'ART 462', 'ART 463', 'ART 464', 'ART 467', 'ART 468', 'ART 469', 'ART 477W'], ['credits_21', 'ART 400-499']]",False,,False,,
Automotive Engineering Technology (BS),True,"['AET 102', 'AET 160', 'AET 261', 'AET 262', 'EET 113', 'ENG 101', 'MATH 121', 'MET 142', 'MET 275', 'PHYS 211', ['credits_3', 'COMM 100', 'COMM 102']]",True,"['CHEM 104', 'ECON 202', 'ENG 271W', 'STAT 154']",True,"['AET 280', 'AET 334', 'AET 364', 'AET 366', 'AET 387', 'AET 436', 'AET 465', 'AET 468', 'AET 488W', 'AET 489W', 'MATH 122', 'MET 323', 'MET 324', 'MET 341', 'MET 375', 'MET 424', 'MET 425', 'PHYS 212']",False,,False,,False,,False,,
Aviation (BS) Aeronautics,False,,True,"['MATH 112', 'PHYS 101']",True,"['AVIA 100', 'AVIA 101', 'AVIA 150', 'AVIA 201', 'AVIA 334', 'AVIA 432', 'AVIA 437', 'AVIA 445', 'GEOG 217']",False,,False,,False,"[['credits_48', 'AVIA 100-499']]",False,,
Aviation (BS) Aviation Management,False,,True,"['MATH 112', 'PHYS 101']",True,"['AVIA 100', 'AVIA 101', 'AVIA 150', 'AVIA 201', 'AVIA 334', 'AVIA 432', 'AVIA 437', 'AVIA 445', 'GEOG 217', 'ACCT 200', 'BLAW 200', 'ECON 202', 'FINA 362', 'MGMT 230', 'MGMT 300', 'MGMT 340', 'MGMT 380', 'MGMT 472', 'MRKT 210']",False,,True,"[['credits_6', 'AVIA 343', 'AVIA 344', 'AVIA 443']]",False,,False,,
Aviation (BS) Professional Flight,False,,True,"['MATH 112', 'PHYS 101']",True,"['AVIA 100', 'AVIA 101', 'AVIA 150', 'AVIA 201', 'AVIA 334', 'AVIA 432', 'AVIA 437', 'AVIA 445', 'GEOG 217', 'AVIA 151', 'AVIA 153', 'AVIA 240', 'AVIA 241', 'AVIA 243', 'AVIA 250', 'AVIA 251', 'AVIA 253', 'AVIA 338', 'AVIA 340', 'AVIA 360', 'AVIA 364', 'AVIA 436', 'AVIA 450', 'AVIA 451', 'AVIA 455']",False,,False,,False,,False,,
Aviation (BS) Unmanned Aircraft Systems,False,,True,"['MATH 112', 'PHYS 101']",True,"['AVIA 100', 'AVIA 101', 'AVIA 150', 'AVIA 201', 'AVIA 334', 'AVIA 432', 'AVIA 437', 'AVIA 445', 'GEOG 217']",False,,True,"[['credits_6', 'AVIA 151', 'AVIA 153', 'AVIA 202', 'AVIA 241', 'AVIA 243', 'AVIA 250', 'AVIA 251', 'AVIA 253', 'AVIA 306', 'AVIA 333', 'AVIA 338', 'AVIA 340', 'AVIA 458', 'GEOG 473', 'GEOG 475', 'GEOG 485']]",False,,False,,
Biology (BS) Biomedical and Cellular Biology,False,[],True,"['BIOL 105', 'CHEM 201', ['credits_3', 'MATH 113', 'MATH 115', 'MATH 121']]",True,"['BIOL 106', 'BIOL 211', 'BIOL 300', 'BIOL 489', 'PHYS 211', ['credits_3', 'GEOG 476', 'HLTH 475', 'STAT 154'], 'BIOL 320', 'BIOL 371', 'CHEM 202', 'CHEM 322', ['credits_4', 'CHEM 360', 'CHEM 460', 'CHEM 461', 'CHEM 465']]",False,[],True,"[['credits_11', 'BIOL 324', 'BIOL 325', 'BIOL 330', 'BIOL 380', 'BIOL 398', 'BIOL 411', 'BIOL 413', 'BIOL 417', 'BIOL 420', 'BIOL 423', 'BIOL 424', 'BIOL 425', 'BIOL 430', 'BIOL 433', 'BIOL 434', 'BIOL 435', 'BIOL 436', 'BIOL 438', 'BIOL 441', 'BIOL 452', 'BIOL 466', 'BIOL 472', 'BIOL 473', 'BIOL 474', 'BIOL 475', 'BIOL 476', 'BIOL 478', 'BIOL 479'], [{'rules' : [8,8], 'area_1' : ['BIOL 423', 'BIOL 434'], 'area_2' : ['BIOL 441', 'BIOL 442'], 'area_3' : ['BIOL 476' ['credits_4', 'BIOL 472', 'BIOL 475', 'BIOL 476', 'BIOL 478']]}]]",True,"[['credits_8', 'BIOL 300-499', 'BIOL 217', 'CHEM 324', 'CHEM 325', 'CHEM 467']]",False,,
Biology (BS) Organismal Biology and Ecology,False,[],True,"['BIOL 105', 'CHEM 201', ['credits_3', 'MATH 113', 'MATH 115', 'MATH 121']]",True,"['BIOL 106', 'BIOL 211', 'BIOL 300', 'BIOL 489', 'PHYS 211', ['credits_3', 'GEOG 476', 'HLTH 475', 'STAT 154'], 'BIOL 215', 'BIOL 217', 'BIOL 306', ['credits_3', 'BIOL 104', 'BIOL 320', 'BIOL 371', 'BIOL 424', 'BIOL 438', 'BIOL 466', 'BIOL 479', 'CHEM 322', 'GEOL 104'], ['credits_5', 'CHEM 111', 'CHEM 202'], ['credits_4', 'BIOL 402', 'BIOL 404', 'BIOL 406', 'BIOL 409', 'BIOL 412', 'BIOL 432', 'BIOL 440', 'BIOL 442', 'BIOL 443W', 'BIOL 451', 'BIOL 472']]",False,[],True,"[['credits_11', 'BIOL 305', 'BIOL 398', 'BIOL 403', 'BIOL 404', 'BIOL 406', 'BIOL 409', 'BIOL 410', 'BIOL 411', 'BIOL 412', 'BIOL 413', 'BIOL 414', 'BIOL 415', 'BIOL 420', 'BIOL 421', 'BIOL 423', 'BIOL 424', 'BIOL 425', 'BIOL 432', 'BIOL 434', 'BIOL 436', 'BIOL 438', 'BIOL 440', 'BIOL 441', 'BIOL 442', 'BIOL 443W', 'BIOL 446', 'BIOL 451', 'BIOL 472', 'ENVR 440'], [{'rules' : [8,8], 'area_1' : ['BIOL 423', 'BIOL 434'], 'area_2' : ['BIOL 441', 'BIOL 442'], 'area_3' : ['BIOL 476' ['credits_4', 'BIOL 472', 'BIOL 475', 'BIOL 476', 'BIOL 478']]}]]",True,"[['credits_4', 'BIOL 300-499', 'CHEM 324', 'CHEM 325', 'CHEM 360', 'GEOG 373']]",False,,
Dental Hygiene (BS),True,"[['credits_3', 'FCS 140', 'FCS 242'], 'BIOL 201', 'BIOL 202', 'BIOL 271',['credits_3','CHEM 106','CHEM 111'], 'DHYG 219', 'DHYG 223', 'DHYG 225', ['credits_1', 'DHYG 100', 'DHYG 101']]",True,"['ENG 101', 'PSYC 101', ['credits_3', 'COMM 100', 'COMM 102'], ['credits_4', 'SOC 101', 'SOC 150'],[credits_4, 'SOC 202', 'STAT 154']]",True,"['DHYG 311', 'DHYG 313', 'DHYG 321', 'DHYG 322', 'DHYG 326', 'DHYG 327', 'DHYG 328', 'DHYG 329', 'DHYG 331', 'DHYG 332', 'DHYG 333', 'DHYG 334', 'DHYG 420', 'DHYG 421', 'DHYG 422', 'DHYG 424', 'DHYG 425W', 'DHYG 426', 'DHYG 427', 'DHYG 428', 'DHYG 431', 'DHYG 432', 'DHYG 435', 'DHYG 437', 'DHYG 438', 'DHYG 439', 'DHYG 460', 'DHYG 461', 'DHYG 462']",False,,False,,True,"[ 'DHYG 336', 'DHYG 447']",False,
Business Administration (BBA),False,,True,"['ECON 201', 'MATH 112', 'STAT 154']",True,"['ACCT 200', 'ACCT 210', 'BLAW 200', 'CIS 101', 'ECON 202', 'FINA 362', 'IBUS 380', 'MGMT 230', 'MGMT 300', 'MGMT 332', 'MGMT 340', 'MGMT 346', 'MGMT 391', 'MGMT 472', 'MGMT 481', 'MGMT 484', 'MGMT 490', 'MGMT 492', 'MRKT 210', 'MRKT 318']",False,,False,,False,,False,
Business Analytics (CERT),False,,False,,True,"['FINA 375', 'FINA 475']",False,,True,"[['credits_6', 'FINA 400', 'MGMT 404', 'MRKT 324'], ['credits_4', 'ECON 207', 'STAT 154']]",False,,False,
Civil Engineering (BSCE),True,"['CIVE 201', 'MATH 121', 'MATH 122', 'MATH 223', 'MATH 321', 'ME 212', 'ME 214', 'ME 223', 'ME 291', 'PHYS 221', ['credits_5', 'CHEM 191', 'GEOL 291'],['credits_5', 'CHEM 201']]",True,"['ENG 101', 'ENG 271W', ['credits_3', 'ECON 201', 'ECON 202']]",True,"['CIVE 101', 'CIVE 145', 'CIVE 235', 'CIVE 271', 'CIVE 321', 'CIVE 340', 'CIVE 350', 'CIVE 360', 'CIVE 370W', 'CIVE 380', 'CIVE 401W', 'CIVE 402W', 'CIVE 435', 'CIVE 436', 'GEOL 121', ['credits_3', 'CIVE 446', 'CIVE 448'], ['credits_2', 'ME 241', 'ME 299']]",False,,True,"[['credits_2', 'BIOL 270', 'BLAW 450', 'BLAW 453', 'BLAW 474', 'BLAW 476', 'CHEM 202', 'CHEM 305', 'CHEM 407', 'CM 310', 'CM 330', 'CM 340', 'EE 230', 'ENVR 440', 'ENVR 450', 'ENVR 460', 'GEOG 313', 'GEOG 315', 'GEOG 373', 'GEOG 410', 'GEOG 411', 'GEOG 413', 'GEOG 420', 'GEOG 439', 'GEOL 330', 'GEOL 449', 'GEOL 450', 'URBS 437', 'URBS 438', 'URBS 471', 'CIVE 398', 'CIVE 455', 'EE 303', 'EE 304', 'EE 332', 'EE 333', 'EE 334', 'EE 336', 'EE 337', 'EE 341', 'EE 342', 'EE 343', 'EE 344', 'EE 350', 'EE 353', 'EE 358', 'EE 363', 'EE 368', 'EE 390', 'EE 395', 'EE 398', 'EE 445', 'EE 450', 'EE 453', 'EE 463', 'EE 467W', 'EE 470', 'EE 471', 'EE 472', 'EE 473', 'EE 474', 'EE 475', 'EE 476', 'EE 477W', 'EE 478', 'EE 479', 'EE 480', 'EE 481', 'EE 482', 'EE 483', 'EE 484', 'EE 485', 'EE 486', 'EE 487', 'EE 488', 'EE 489', 'ME 306', 'ME 321', 'ME 324', 'ME 329', 'ME 333', 'ME 336', 'ME 341', 'ME 344', 'ME 398', 'ME 415', 'ME 416', 'ME 417', 'ME 418', 'ME 420', 'ME 422', 'ME 424', 'ME 426', 'ME 428', 'ME 429', 'ME 431', 'ME 432', 'ME 433', 'ME 436W', 'ME 438W', 'ME 439', 'ME 440', 'ME 447', 'ME 450', 'ME 463', 'ME 464', 'ME 466', 'ME 466W', 'ME 483'], ['credits_9', 'CIVE 412', 'CIVE 415', 'CIVE 417', 'CIVE 432', 'CIVE 446', 'CIVE 447', 'CIVE 448', 'CIVE 452', 'CIVE 454', 'CIVE 458', 'CIVE 461', 'CIVE 465', 'CIVE 467', 'CIVE 470', 'CIVE 471', 'CIVE 475', 'CIVE 476', 'CIVE 478W', 'CIVE 481', 'CIVE 484'], 'PHYS 222', 'PHYS 232', 'PHYS 223', 'PHYS 233']",False,,True,"['any minor']"
Communication Sciences and Disorders (BS),False,,False,,True,"['CDIS 201', 'CDIS 220', 'CDIS 290', 'CDIS 312', 'CDIS 322', 'CDIS 346', 'CDIS 350W', 'CDIS 392', 'CDIS 394', 'CDIS 410', 'CDIS 421', 'CDIS 445', 'CDIS 446']",False,,True,"[['credits_12', 'CDIS 320', 'CDIS 401', 'CDIS 404', 'CDIS 408', 'CDIS 420', 'CDIS 422'],['credits_12 'CDIS 402', 'CDIS 403', 'CDIS 409W', 'CDIS 431', 'CDIS 434', 'CDIS 438', 'CDIS 444'], ['credits_2', 'CDIS 320', 'CDIS 420', 'CDIS 495'], 'CDIS 409W', 'CDIS 447', 'CDIS 457W', 'CDIS 477', 'CDIS 491']",True,"['CDIS 205', 'CDIS 306', 'CDIS 307', 'CDIS 308', 'CDIS 407']",False,
Communication and Media (BS),False,,False,,True,"['COMM 300', 'COMM 400', 'COMM 494']",False,,True,"[['credits_20', 'COMM 301', 'COMM 302', 'COMM 306', 'COMM 307', 'COMM 310', 'COMM 312', 'COMM 314', 'COMM 315', 'COMM 320', 'COMM 321', 'COMM 325W', 'COMM 326', 'COMM 330W', 'COMM 333', 'COMM 334', 'COMM 335', 'COMM 340', 'COMM 351', 'COMM 353', 'COMM 360', 'COMM 370', 'COMM 374', 'COMM 375', 'COMM 383', 'COMM 398', 'COMM 405', 'COMM 409', 'COMM 410', 'COMM 412', 'COMM 414', 'COMM 415', 'COMM 416', 'COMM 417', 'COMM 418', 'COMM 419', 'COMM 420', 'COMM 421', 'COMM 425', 'COMM 429', 'COMM 430', 'COMM 432', 'COMM 434W', 'COMM 435', 'COMM 436W', 'COMM 437', 'COMM 440', 'COMM 444', 'COMM 445', 'COMM 450', 'COMM 457', 'COMM 460', 'COMM 464', 'COMM 465', 'COMM 469', 'COMM 470', 'COMM 473', 'COMM 474', 'COMM 475', 'COMM 483', 'COMM 484', 'COMM 495', 'COMM 496', 'COMM 497', 'COMM 498', 'COMM 499'], ['credits_8', 'COMM 201', 'COMM 202', 'COMM 203', 'COMM 215', 'COMM 217', 'COMM 220', 'COMM 221W', 'COMM 224', 'COMM 233', 'COMM 240', 'COMM 242', 'COMM 260', 'COMM 280', 'COMM 301', 'COMM 302', 'COMM 306', 'COMM 307', 'COMM 310', 'COMM 312', 'COMM 314', 'COMM 315', 'COMM 320', 'COMM 321', 'COMM 325W', 'COMM 326', 'COMM 330W', 'COMM 333', 'COMM 334', 'COMM 335', 'COMM 340', 'COMM 351', 'COMM 353', 'COMM 360', 'COMM 370', 'COMM 374', 'COMM 375', 'COMM 383', 'COMM 398', 'COMM 405', 'COMM 409', 'COMM 410', 'COMM 412', 'COMM 414', 'COMM 415', 'COMM 416', 'COMM 417', 'COMM 418', 'COMM 419', 'COMM 420', 'COMM 421', 'COMM 425', 'COMM 429', 'COMM 430', 'COMM 432', 'COMM 434W', 'COMM 435', 'COMM 436W', 'COMM 437', 'COMM 440', 'COMM 444', 'COMM 445', 'COMM 450', 'COMM 457', 'COMM 460', 'COMM 464', 'COMM 465', 'COMM 469', 'COMM 470', 'COMM 473', 'COMM 474', 'COMM 475', 'COMM 483', 'COMM 484', 'COMM 495', 'COMM 496', 'COMM 497', 'COMM 498', 'COMM 499']]",False,,False,
Computer Engineering (BSEC),True,"['EE 105', 'EE 106', 'EE 107', 'EE 230', 'EE 231', 'EE 234', 'EE 235', 'EE 240', 'MATH 122', 'MATH 321', 'PHYS 222', 'PHYS 232']",True,"['ENG 101', 'ENG 271W', 'MATH 121', 'PHYS 221', ['credits_3', 'ECON 201', 'ECON 202']]",True,"['EE 245', 'EE 281', 'EE 282', 'EE 332', 'EE 334', 'EE 336', 'EE 337', 'EE 341', 'EE 342', 'EE 344', 'EE 358', 'EE 368', 'EE 390', 'EE 395', 'EE 450', 'EE 467W', 'EE 477W', 'EE 486', 'MATH 223', 'MATH 280', 'ME 299', 'PHYS 223']",False,,True,"['EE 333',['credits_12', 'CIS 350', 'EE 353', 'EE 453', 'EE 470', 'EE 471', 'EE 472', 'EE 473', 'EE 474', 'EE 475', 'EE 476', 'EE 479', 'EE 480', 'EE 481', 'EE 484', 'EE 485', 'EE 487', 'EE 489', 'ME 213']]",False,,True,"[['credits_3', 'MATH 354', 'ME 291']]"
Computer Information Technology (BS),False,,True,"['CIS 202W', 'ENG 101', 'MATH 115', 'MATH 121', 'STAT 154', ['credits_3', 'COMM 100', 'COMM 102']]",True,"['CIS 121', 'CIS 122', 'CIS 223', 'CIS 224', 'CIS 340', 'CIS 350', 'CIS 360', 'CIS 380', 'CIS 440', 'CIS 497', 'ENG 271W']",False,,True,"[['credits_12', 'CIS 414', 'CIS 418', 'CIS 442', 'CIS 443', 'CIS 444', 'CIS 450', 'CIS 460', 'CIS 462', 'CIS 464', 'CIS 465', 'CIS 480', 'CIS 482', 'CIS 483', 'CIS 484', 'CIS 485', 'CIS 495', 'CIS 496', 'CIS 498', 'CIS 499']]",False,,False,
Construction Management (BS),False,,True,"['ECON 201', 'ECON 202', 'ECON 207', 'ENG 101', 'ENG 271W', 'MATH 115', ['credits_3', 'PHYS 101', 'PHYS 211'], ['credits_4', 'CHEM 201', 'GEOL 100']]",True,"['ACCT 200', 'ACCT 210', 'BLAW 200', 'BLAW 476', 'CM 108', 'CM 111', 'CM 120', 'CM 130', 'CM 210', 'CM 220', 'CM 222', 'CM 271', 'CM 297', 'CM 300', 'CM 310', 'CM 330', 'CM 340', 'CM 350', 'CM 380', 'CM 410', 'CM 450', 'CM 492', 'CM 497', 'IT 101', 'MGMT 230', 'MGMT 300']",False,,True,"[['credits_3', 'FINA 362', 'MRKT 210']]",False,,False,
Corrections (BS),False,,True,"[['credits_3', 'ANTH 240', 'CDIS 205', 'COMM 203', 'ETHN 100', 'ETHN 101', 'GEOG 103', 'GWS 110', 'GWS 110W', 'HUM 281W', 'PSYC 219', 'SOC 208'],['credits_3', 'AIS 101', 'AIS 210W', 'AIS 220W', 'ETHN 201W', 'ETHN 203W', 'ETHN 204W', 'GWS 120', 'GWS 120W', 'GWS 222'],['credits_3', 'ELE 222W', 'ETHN 150', 'GWS 225', 'GWS 225W', 'HIST 232', 'HIST 280', 'REHB 110W'],['credits_3', 'ANTH 120', 'CSP 110', 'HLTH 210', 'PHIL 110', 'PHIL 115W', 'PHIL 120W', 'PHIL 205W', 'URBS 230', 'URBS 230W'], ['credits_16', 'CJ 101', 'CJ 225', 'CJ 255', 'POL 111', 'SOC 101'], ['credits_6', 'CHEM 134', 'COMM 280', 'ETHN 220W', 'GWS 230', 'HIST 250', 'HIST 268', 'HLTH 225', 'PHIL 240W', 'POL 100', 'POL 104', 'PSYC 101', 'PSYC 103W', 'SOC 150', 'SOWK 215', 'SOWK 215W', 'URBS 150']]",True,"['CJ 200', 'CJ 310', 'CJ 323', 'CJ 401', 'CJ 421W', 'CJ 423', 'CJ 456', 'CJ 496']",False,,True,"[['credits_9', 'CJ 309', 'CJ 321', 'CJ 324', 'CJ 371', 'CJ 393', 'CJ 422', 'CJ 429', 'CJ 485', 'GWS 411', 'SOC 241', 'SOC 409', 'SOC 420']]",False,,False,
Criminal Justice (BS),False,,True,"['CJ 101', 'CJ 255', 'POL 111', 'SOC 101', ['credits_3', 'ANTH 240', 'CDIS 205', 'COMM 203', 'ETHN 100', 'ETHN 101', 'GEOG 103', 'GWS 110', 'GWS 110W', 'HUM 281W', 'PSYC 219', 'SOC 208'],['credits_3', 'AIS 101', 'AIS 210W', 'AIS 220W', 'ETHN 201W', 'ETHN 203W', 'ETHN 204W', 'GWS 120', 'GWS 120W', 'GWS 222'],['credits_3', 'ELE 222W', 'ETHN 150', 'GWS 225', 'GWS 225W', 'HIST 232', 'HIST 280', 'REHB 110W'],['credits_3', 'ANTH 120', 'CSP 110', 'HLTH 210', 'PHIL 110', 'PHIL 115W', 'PHIL 120W', 'PHIL 205W', 'URBS 230', 'URBS 230W'], ['credits_6', 'CHEM 134', 'CJ 225', 'COMM 280', 'ETHN 220W', 'GWS 230', 'HIST 250', 'HIST 268', 'HLTH 225', 'PHIL 240W', 'POL 101', 'POL 104', 'PSYC 101', 'PSYC 150', 'SOC 150', 'SOWK 215', 'SOWK 215W', 'URBS 150']]",True,"['CJ 201', 'CJ 231', 'CJ 309', 'CJ 310', 'CJ 321', 'CJ 401', 'CJ 402', ['credits_2', 'CJ 371']]",False,,True,"[['credits_3', 'CJ 322', 'CJ 323']]",True,"[['credits_12', 'GEOG 352', 'GWS 411', 'PSYC 389', 'CJ 200', 'CJ 202', 'CJ 232', 'CJ 233', 'CJ 242', 'CJ 261', 'CJ 262', 'CJ 263', 'CJ 264', 'CJ 265', 'CJ 291', 'CJ 324', 'CJ 331', 'CJ 332W', 'CJ 333', 'CJ 334', 'CJ 350', 'CJ 355', 'CJ 393', 'CJ 421W', 'CJ 422', 'CJ 423', 'CJ 429', 'CJ 430W', 'CJ 432', 'CJ 433', 'CJ 441', 'CJ 442', 'CJ 443', 'CJ 445', 'CJ 449', 'CJ 451', 'CJ 453', 'CJ 454', 'CJ 456', 'CJ 475', 'CJ 485', 'CJ 496', 'CJ 498', 'CJ 499', 'SOC 301W', 'SOC 307', 'SOC 325', 'SOC 351', 'SOC 360', 'SOC 402', 'SOC 404', 'SOC 405', 'SOC 407', 'SOC 409', 'SOC 417', 'SOC 420', 'SOC 425', 'SOC 430', 'SOC 442', 'SOC 446', 'SOC 458', 'SOC 460', 'SOC 461', 'SOC 463', 'SOC 466', 'SOC 469', 'SOC 472', 'SOC 479', 'SOC 480', 'SOC 482', 'SOC 483', 'SOC 484', 'SOC 485', 'SOC 490', 'SOC 492', 'SOC 493', 'SOC 497', 'SOC 499']]",False,
Electrical Engineering (BS),True,"['EE 105', 'EE 106', 'EE 107', 'EE 230', 'EE 231', 'EE 234', 'EE 235', 'EE 240', 'MATH 122', 'MATH 321', 'PHYS 222', 'PHYS 232']",True,"['CHEM 191', 'ENG 101', 'ENG 271W', 'MATH 121', 'PHYS 221', ['credits_3', 'ECON 201', 'ECON 202']]",True,"['EE 241', 'EE 281', 'EE 282', 'EE 303', 'EE 304', 'EE 332', 'EE 333', 'EE 336', 'EE 337', 'EE 341', 'EE 342', 'EE 343', 'EE 350', 'EE 353', 'EE 358', 'EE 363', 'EE 368', 'EE 450', 'EE 467W', 'EE 477W', 'EE 482', 'MATH 223', 'PHYS 223', 'PHYS 233']",False,,True,"['EE 334', 'EE 344', 'EE 453', 'EE 470', 'EE 471', 'EE 472', 'EE 473', 'EE 474', 'EE 475', 'EE 476', 'EE 479', 'EE 480', 'EE 481', 'EE 483', 'EE 484', 'EE 485', 'EE 486', 'EE 487', 'EE 489']",False,,True,"[['credits_3', 'MATH 354', 'ME 291'],['credits_3', 'BLAW 200', 'FINA 362', 'MGMT 230', 'MGMT 340', 'MRKT 210']]"
Elementary Education (BS),True,"['ELE 215', 'MATH 202']",True,"['ELE 222W', 'HLTH 240', 'MATH 201', ['credits_3', 'AIS 211', 'AIS 212', 'HIST 190', 'HIST 190W','HIST 268',['credits_3', 'AIS 330', 'CJ 255', 'ED 101', 'GWS 220']]",True,"['ELE 410', 'ELE 411', 'ELE 412', 'ELE 413', 'ELE 432', 'ELE 470', 'ELE 430W', 'ELE 431', 'ELE 433', 'ELE 420', 'ELE 421', 'ELE 422', 'ELE 423', 'ELE 440']",False,,False,,False,,False,
Exercise Science (BS) General Exercise Science,False,,True,"['CIS 100', 'ENG 101', 'CHEM 111', 'FCS 140', 'MATH 112']",True,"['BIOL 220', 'BIOL 330', 'HP 260', 'HP 314', 'HP 315W', 'HP 363', 'HP 431', 'HP 439', 'HP 465', 'HP 466', 'HP 477', 'HP 486']",False,,True,"[['credits_2', 'HP 102', 'HP 103', 'HP 105', 'HP 130', 'HP 146', 'HP 147', 'HP 148', 'HP 149', 'HP 150', 'HP 152', 'HP 153', 'HP 154', 'HP 155', 'HP 156', 'HP 157', 'HP 158', 'HP 159', 'HP 161', 'HP 166', 'HP 171', 'HP 172', 'HP 173', 'HP 175', 'HP 176', 'HP 177', 'HP 179', 'HP 180', 'HP 181', 'HP 182', 'HP 183', 'HP 191', 'HP 113', 'HP 114', 'HP 117']]",True,"['BIOL 270', 'BIOL 320', 'BIOL 324', 'BIOL 380', 'BIOL 417', 'BIOL 424', 'BIOL 433', 'BIOL 466', 'BIOL 474', 'CHEM 360', 'FCS 440', 'HLTH 210', 'HLTH 451', 'HLTH 455', 'HP 313', 'HP 340', 'HP 415', 'HP 418', 'HP 451', 'HP 470', 'PSYC 433', 'PSYC 436', 'PSYC 460W', 'PSYC 466', 'HLTH 321', 'PSYC 343', 'PSYC 455']",True,"['HP 290', 'HP 291', 'HP 392', 'HP 487']"
Exercise Science (BS) Practitoner,False,,True,"['BIOL 105', 'CHEM 201', 'CIS 100', 'ENG 101', 'MATH 115', 'PHYS 211', 'PSYC 101', 'STAT 154']",True,"['BIOL 220', 'BIOL 330', 'HP 260', 'HP 314', 'HP 315W', 'HP 363', 'HP 431', 'HP 439', 'HP 465', 'HP 466', 'HP 477', 'HP 486']",False,,True,"[['credits_2', 'HP 102', 'HP 103', 'HP 105', 'HP 130', 'HP 146', 'HP 147', 'HP 148', 'HP 149', 'HP 150', 'HP 152', 'HP 153', 'HP 154', 'HP 155', 'HP 156', 'HP 157', 'HP 158', 'HP 159', 'HP 161', 'HP 166', 'HP 171', 'HP 172', 'HP 173', 'HP 175', 'HP 176', 'HP 177', 'HP 179', 'HP 180', 'HP 181', 'HP 182', 'HP 183', 'HP 191']]",True,"['BIOL 270','BIOL 320','BIOL 324','BIOL 380','BIOL 417','BIOL 424','BIOL 433','BIOL 466','BIOL 474','CHEM 360','FCS 440','HLTH 210','HLTH 451','HLTH 455', 'HP 313', 'HP 340', 'HP 415', 'HP 418', 'HP 451', 'HP 470', 'PSYC 433','PSYC 436','PSYC 460W','PSYC 466']",True,"['BIOL 106', 'CHEM 202', 'HLTH 321', 'PHYS 212', 'PSYC 343', 'PSYC 455']"
Family Consumer Science Education (BS),False,,True,"['FCS 100', 'FCS 140', 'HLTH 240']",True,"['FCS 101', 'FCS 120', 'FCS 150', 'FCS 270', 'FCS 275', 'FCS 284', 'FCS 301', 'FCS 331', 'FCS 340', 'FCS 400', 'FCS 414W', 'FCS 478', 'FCS 484', 'FCS 488', 'HLTH 311']",False,,False,,False,,False,
Film and Media Studies (BA),False,,True,"['COMM 110', 'FILM 114']",True,"['COMM 260', 'COMM 419', 'COMM 420', 'FILM 210W', 'FILM 416', ['credits_2', 'COMM 417', 'COMM 498', 'COMM 499', 'FILM 498', 'FILM 499'], ['credits_4', 'FILM 402', 'FILM 412']]",False,,True,"[['credits_12', 'CW 446', 'FILM 214', 'FILM 216W', 'FILM 217', 'FILM 275', 'FILM 317', 'FILM 334W', 'FILM 342', 'FILM 402', 'FILM 412', 'FILM 472', 'FILM 493', 'GER 460', 'PHIL 465'], ['credits_12', 'COMM 221W', 'COMM 233', 'COMM 280', 'COMM 315', 'COMM 330W', 'COMM 334', 'COMM 351', 'COMM 353', 'COMM 360', 'COMM 405', 'COMM 418', 'COMM 425', 'COMM 434W', 'COMM 450', 'COMM 473', 'COMM 495']]",False,,False,
Finance (BS) Financial Planning and Insurance,True,"['ACCT 200', 'BUS 295', 'CIS 101']",True,"['ECON 201','MATH 130'], ['credits_3', 'PHIL 120W', 'PHIL 205W', 'PHIL 222W','PHIL 224W','PHIL 226W', 'PHIL 240W']]",True,"[['credits_34', 'ACCT 210', 'BLAW 200', 'ECON 202', 'ECON 207', 'FINA 362', 'IBUS 380', 'MGMT 230', 'MGMT 300', 'MGMT 346', 'MGMT 481', 'MRKT 210'], ['FINA 458', 'FINA 459', 'FINA 466', 'FINA 470', 'ACCT 330'], ['credits_12', 'FINA 400', 'FINA 460', 'FINA 462', 'FINA 464']]",False,,False,,False,,False,
Finance (BS) General Finance,True,"['ACCT 200', 'BUS 295', 'CIS 101']",True,"['MATH 130', 'ECON 201',['credits_3', 'PHIL 120W', 'PHIL 205W', 'PHIL 222W', 'PHIL 224W', 'PHIL 226W', 'PHIL 240W']]",True,"[['credits_34', 'ACCT 210', 'BLAW 200', 'ECON 202', 'ECON 207', 'FINA 362', 'IBUS 380', 'MGMT 230', 'MGMT 300', 'MGMT 346', 'MGMT 481', 'MRKT 210'], ['credits_12', 'FINA 400', 'FINA 460', 'FINA 462', 'FINA 464']]",False,,True,"[['credits_0', 'FINA 467', 'FINA 480', 'FINA 482', 'FINA 490']]",True,"[{'rules' : [15, 9], 'area_1' : ['FINA 372', 'FINA 375', 'FINA 461', 'FINA 463', 'FINA 466', 'FINA 470', 'FINA 475', 'FINA 493', 'FINA 498'], 'area_2' : ['ACCT 300', 'ACCT 301', 'ACCT 310', 'BUS 397']}]",False,
Finance (BS) Quantitative Finance,True,"['CIS 101', 'ACCT 200', 'BUS 295']",True,"['ECON 201', 'MATH 130', ['credits_3', 'PHIL 120W', 'PHIL 205W', 'PHIL 222W', 'PHIL 224W', 'PHIL 226W', 'PHIL 240W']]",True,"[['credits_34', 'ACCT 210', 'BLAW 200', 'ECON 202', 'ECON 207', 'FINA 362', 'IBUS 380', 'MGMT 230', 'MGMT 300', 'MGMT 346', 'MGMT 481', 'MRKT 210'], ['credits_12', 'FINA 400', 'FINA 460', 'FINA 462', 'FINA 464']]",False,,True,"[['credits_12', 'FINA 467', 'FINA 480', 'FINA 482', 'FINA 490']]",True,"[['credits_3', 'ACCT 300', 'ACCT 301', 'FINA 372', 'FINA 375', 'FINA 461', 'FINA 463', 'FINA 475', 'FINA 493', 'FINA 498']]",False,
Health and Physical Education (BS),False,,True,"['BIOL 100', 'FCS 140', 'HLTH 101', 'HLTH 240', 'HP 295', 'KSP 220W', 'PSYC 101']",True,"['HLTH 210', 'HLTH 311', 'HLTH 320', 'HLTH 420W', 'HLTH 451', 'HLTH 454', 'HP 201', 'HP 313', 'HP 330', 'HP 331', 'HP 333', 'HP 334', 'HP 388', 'HP 426', 'HP 427', 'HP 449', 'HP 450', 'HP 460']",False,,False,,False,,False,
Information Security (CERT),True,"['CIS 360', 'CIS 340']",False,,False,,False,,True,"[['credits_12', 'CIS 350', 'CIS 442', 'CIS 450', 'CIS 460']]",False,,False,
Integrated Business Experience (CERT),False,,False,,True,"['ACCT 200', 'FINA 362', 'MGMT 230', 'MRKT 210']",False,,True,"['BUS 397', 'CIS 499']",False,,False,
Interdisciplinary Studies (BS),False,,False,,True,['IDST 496'],False,,True,"[['credits_15', 'Any_Discipline_One_300-499'], ['credits_15', 'Any_Discipline_Two_300-499'], ['credits_15', 'Any_Discipline_Three_300-499']]",False,,False,
Liberal Arts and Sciences (AA),False,,False,,True,"[['credits_44', 'GEN_100-400']]",False,,False,,True,"['credits_16', 'ANY_100-299']",False,
Management (BS) Business Management,True,"[['credits_8', 'CIS 101', 'ACCT 200', 'BUS 295']]",True,"['ECON 201', 'MATH 130', ['credits_3', 'PHIL 120W', 'PHIL 205W', 'PHIL 222W', 'PHIL 224W', 'PHIL 226W', 'PHIL 240W']]",True,"['ACCT 210', 'BLAW 200', 'ECON 202', 'ECON 207', 'FINA 362', 'IBUS 380', 'MGMT 230', 'MGMT 300', 'MGMT 346', 'MGMT 481', 'MRKT 210','MGMT 340','MGMT 380','MGMT 459','MGMT 472','MGMT 484']",False,,True,"[['credits_12', 'ACCT 310', 'BLAW 477', 'BUS 397', 'MGMT 360', 'MGMT 443', 'MGMT 447', 'MGMT 449', 'MGMT 473', 'MGMT 482', 'MGMT 497']]",False,,False,
Management (BS) Human Resource Management,True,"[['credits_8', CIS 101', 'ACCT 200', 'BUS 295']]",True,"['ECON 201', 'MATH 130', ['credits_3', 'PHIL 120W', 'PHIL 205W', 'PHIL 222W', 'PHIL 224W', 'PHIL 226W', 'PHIL 240W']]",True,"['ACCT 210', 'BLAW 200', 'ECON 202', 'ECON 207', 'FINA 362', 'IBUS 380', 'MGMT 230', 'MGMT 300', 'MGMT 346', 'MGMT 481', 'MRKT 210', 'BLAW 452','MGMT 340','MGMT 380','MGMT 441','MGMT 442','MGMT 445','MGMT 486']",False,,True,"[['credits_6','ACCT 310', 'BUS 397', 'ECON 403', 'FINA 466', 'HLTH 488', 'MET 423', 'MGMT 484', 'MGMT 498']]",False,,False,
Management Information Systems (BS),False,,True,"['CIS 202W', 'COMM 100', 'COMM 102', 'ENG 101', 'MATH 121', 'PHIL 224W']",True,"['ACCT 200', 'CIS 121', 'CIS 122', 'CIS 223', 'CIS 311', 'CIS 340', 'CIS 350', 'CIS 380', 'CIS 440', 'CIS 497', 'ECON 207', 'ENG 271W']",False,,True,"[[{'rules' : [15,15], 'area_1' : ['CIS 499', 'FINA 362', 'MGMT 230', 'MRKT 210', ['credits_3','ACCT 210', 'BLAW 471', 'MGMT 346', 'MGMT 473']], 'area_2' : [['credits_9','FINA 362', 'MGMT 230', 'MRKT 210'], ['credits_6','ACCT 210', 'BLAW 471', 'MGMT 346', 'MGMT 473']]}]]",True,"[['credits_12', 'ENG 469']]",False,
Marketing (BS),True,"['ACCT 200', 'BUS 295', 'CIS 101']",True,"['ECON 201', 'MATH 130', ['credits_3', 'PHIL 120W', 'PHIL 205W', 'PHIL 222W', 'PHIL 224W', 'PHIL 226W', 'PHIL 240W']]",True,"[['credits_34', 'ACCT 210', 'BLAW 200', 'ECON 202', 'ECON 207', 'FINA 362', 'IBUS 380', 'MGMT 230', 'MGMT 300', 'MGMT 346', 'MGMT 481', 'MRKT 210'], ['credits_21', 'MRKT 312', 'MRKT 316', 'MRKT 317', 'MRKT 318', 'MRKT 324', 'MRKT 341', 'MRKT 490']]",False,,False,,True,"[['credits_6', 'BUS 397', 'MRKT 413', 'MRKT 415', 'MRKT 416', 'MRKT 420', 'MRKT 424', 'MRKT 428', 'MRKT 460', 'MRKT 480', 'MRKT 492', 'MRKT 494', 'MRKT 496', 'MRKT 498']]",False,
Mechanical Engineering (BSME),True,"['CHEM 191', 'MATH 121', 'MATH 122', 'MATH 223', 'MATH 321', 'PHYS 221', 'PHYS 222', 'PHYS 232']",True,"['ENG 101', ['credits_3', 'COMM 102', 'ENG 271W'], ['credits_6', 'GOAL 2', 'GOAL 5', 'GOAL 6'], ['credits_6', 'GOAL 7', 'GOAL 8', 'GOAL 9', 'GOAL 10']]",True,"['EE 230', 'EE 240', 'EE 244', 'ME 101', 'ME 103', 'ME 201', 'ME 203', 'ME 212', 'ME 214', 'ME 223', 'ME 241', 'ME 291', 'ME 306', 'ME 321', 'ME 324', 'ME 329', 'ME 333', 'ME 336', 'ME 341', 'ME 417', 'ME 420', 'ME 428', 'ME 436W', 'ME 438W', 'ME 463', 'ME 466', 'ME 492']",False,,True,"[['credits_6', 'Consult with advisor for mechanical engineering electives'], ['credits_4', 'BIOL 105', 'CHEM 202', 'ENVR 101', 'MATH 247', 'MATH 422', 'PHYS 223', 'PHYS 233']]",False,,False,
Nursing (BS),True,"['BIOL 201', 'BIOL 202', 'FCS 242', 'NURS 236', 'NURS 282']",True,"['BIOL 271', 'CHEM 111', 'ENG 101', 'KSP 235', 'NURS 286', 'PSYC 101', 'STAT 154']",True,"['NURS 310', 'NURS 311', 'NURS 312', 'NURS 313', 'NURS 317', 'NURS 350W', 'NURS 351', 'NURS 353', 'NURS 356', 'NURS 357', 'NURS 410', 'NURS 411', 'NURS 413', 'NURS 416', 'NURS 417', 'NURS 426', 'NURS 450', 'NURS 451', 'NURS 456', 'NURS 457', 'NURS 458']",False,,False,,False,,False,
Policing Studies (BS),False,,True,"['CJ 101', 'CJ 255', 'POL 111', 'SOC 101', ['credits_3', 'ELE 222W', 'ETHN 150', 'GWS 225', 'GWS 225W', 'HIST 232', 'HIST 280', 'REHB 110W'], ['credits_3', 'ANTH 120', 'CSP 110', 'HLTH 210', 'PHIL 110', 'PHIL 115W', 'PHIL 120W', 'PHIL 205W', 'URBS 230', 'URBS 230W'], ['credits_3', 'ANTH 240', 'CDIS 205', 'COMM 203', 'ETHN 100', 'ETHN 101', 'GEOG 103', 'GWS 110', 'GWS 110W', 'HUM 281W', 'PSYC 219', 'SOC 208'], ['credits_3', 'AIS 101', 'AIS 210W', 'AIS 220W', 'ETHN 201W', 'ETHN 203W', 'ETHN 204W', 'GWS 120', 'GWS 120W', 'GWS 222'], ['credits_6', 'CHEM 134', 'CJ 225', 'COMM 280', 'ETHN 220W', 'GWS 230', 'HIST 250', 'HIST 268', 'HLTH 225', 'PHIL 240W', 'POL 101', 'POL 104', 'PSYC 101', 'PSYC 103W', 'SOC 150', 'SOWK 215', 'SOWK 215W', 'URBS 150']]",True,"[['credits_16', 'CJ 202', 'CJ 231', 'CJ 232', 'CJ 233', 'CJ 242'], ['credits_28', 'CJ 310', 'CJ 321', 'CJ 322', 'CJ 331', 'CJ 332W', 'CJ 401', 'CJ 402', 'CJ 430W', 'CJ 432', 'CJ 433'], ['credits_2', 'CJ 371']]",False,,True,"[['credits_1', 'CJ 334', 'HP 103', 'HP 117', 'HP 130', 'HP 175', 'MSL 210'], ['credits_6', 'CJ 100-499', 'GWS 411']]",False,,False,
